image_number,title,day,location
2331,Green Mordor,20-Jun-26,"From Secada, Dolomites, Italy"
1841,Gay Water Boys,17-Jun-26,"Schonbrunn, Vienna, Austria"
1864,Smaller Red Car,17-Jun-26,"Central Vienna, Austria"
1869,Blues and Lights,17-Jun-26,"Belvedere, Vienna, Austria"
1915,Arches,17-Jun-26,"Domkirche St. Stephan, Vienna, Austria"
1947,Holy Sky,17-Jun-26,"Pfarrkirche Votivkirche, Vienna, Austria"
1988,Bleak Lavender,18-Jun-26,"Central Vienna, Austria"
1995,Great Head,18-Jun-26,"Kunsthistorisches Museum, Vienna, Austria"
2010,Biography,18-Jun-26,"Kunsthistorisches Museum, Vienna, Austria"
2027,Sunkissed,18-Jun-26,"Kunsthistorisches Museum, Vienna, Austria"
2061,Lifecycle,19-Jun-26,"Central Cemetary, Vienna, Austria"
8321,Nene with us,7-Mar-26,"Rovaneimi, Finland"
9050,"Aurora, Andromeda, and A meteor",8-Mar-26,"Rovaneimi, Finland"
9026,Natural Traffic Light,8-Mar-26,"Rovaneimi, Finland"
9034,Light Lasagna,8-Mar-26,"Rovaneimi, Finland"
8388,Ratatata,8-Mar-26,"Wildlife Park, Ranua, Finland"
8488,Hedwig,8-Mar-26,"Wildlife Park, Ranua, Finland"
8558,Great Collapse,8-Mar-26,"Wildlife Park, Ranua, Finland"
9281,Good Bois,9-Mar-26,"Santa Claus Village, Rovaneimi, Finland"
1784,Merry Band,14-Jun-26,"Mons Klint, Denmark"
1768,Chalking,14-Jun-26,"Mons Klint, Denmark"
1769,Boat and the Tree,14-Jun-26,"Mons Klint, Denmark"
1492,Mighty Tatry,29-May-26,"Near Kasprowy Wierch, Zakopane, Poland"
1487,Trailing,29-May-26,"Near Kasprowy Wierch, Zakopane, Poland"
1560,Small Men,29-May-26,"Kasprowy Wierch, Zakopane, Poland"
1638,Birthing Cave,30-May-26,"Jaskinia Mrozna, Zakopane, Poland"
1484,Inappropriate Attire,29-May-26,"Kasprowy Wierch, Zakopane, Poland"
9424,Blurry Alley,23-Mar-26,"Venice, Italy"
9442,Accidental Rennaisance,23-Mar-26,"Ponte di Rialto, Venice, Italy"
9452,Posterboy,23-Mar-26,"Ponte dell'Accademia, Venice, Italy"
9458,Miao,23-Mar-26,"Ponte dell'Accademia, Venice, Italy"
9507,Telescope's First View,24-Mar-26,"Campanile di San Marco, Venice, Italy"
9617,Boat in the Sunset,24-Mar-26,"Riva dei Sette Martiri, Venice, Italy"
9669,Connections,25-Mar-26,"Basilica di Santa Maria Novella, Florence, Italy"
9691,Golden Universe,25-Mar-26,"Museo Galileo, Florence, Italy"
9720,Bubbles,25-Mar-26,"Piazzale Michelangelo, Florence, Italy"
9732,Eclipsed Sunset,25-Mar-26,"Piazzale Michelangelo, Florence, Italy"
9740,Love,25-Mar-26,"Piazzale Michelangelo, Florence, Italy"
9742,Ferris Wheel,25-Mar-26,"Piazzale Michelangelo, Florence, Italy"
9839,David,27-Mar-26,"Galleria dell'Accademia, Florence, Italy"
9891,Hues and Layers,27-Mar-26,"Terrazza San Miniato, Florence, Italy"
9989,Lean Away,28-Mar-26,"Torre di Pisa, Pisa, Italy"
10012,Yellow,28-Mar-26,"Piazza Dell'Anfiteatro, Lucca, Italy"
10077,Modernization,29-Mar-26,"Museo e Cripta dei Cappuccini, Rome, Italy"
10126,Unneccesary Grandeur ,30-Mar-26,"Basilica di San Pietro, Vatican City"
10152,Fountain Cake,30-Mar-26,"Basilica di San Pietro, Vatican City"
10159,Fake Paintaing,30-Mar-26,"Basilica di San Pietro, Vatican City"
10261,Should be Round,31-Mar-26,"Pantheon, Rome, Italy"
10095,Collo,29-Mar-26,"Colloseum, Rome, Italy"
10477,Reflections,1-Apr-26,"Naples Bay, Naples, Italy"
10549,Ancient Soul,2-Apr-26,"Pompeii, Italy"
10598,Illuminated,2-Apr-26,"Pompeii, Italy"
1,Long Boi,March-April,Different Italitan cities
2125,House Field,20-Jun-26,"Secada, Dolomites, Italy"
2145,Dwindling,20-Jun-26,"Secada, Dolomites, Italy"
2263,Secada,20-Jun-26,"Secada, Dolomites, Italy"
2287,Windspeed,20-Jun-26,"Secada, Dolomites, Italy"
2316,Friend,20-Jun-26,"Secada, Dolomites, Italy"
2389,Tours,21-Jun-26,"Lago di Braies, Dolomites, Italy"
2418,Perfect Blue,21-Jun-26,"Lago di Braies, Dolomites, Italy"
2441,Brown Glow,21-Jun-26,"Lago di Braies, Dolomites, Italy"
2564,Beautiful Filters,22-Jun-26,"Dolomites, Italy"
2711,Sloppy,22-Jun-26,"Tre Cime, Dolomites, Italy"
2714,Pointy,22-Jun-26,"Tre Cime, Dolomites, Italy"
7941,Twinkle,27-Jan-26,"Nyhavn, Copenhagen, Denmark"
8091,Sunken Viking,29-Jan-26,"Arken, Copenhagen, Denmark"
8169,In the Dark,8-Feb-26,"Gammel Strand, Copenhagen, Denmark"
8197,Saving Life,15-Feb-26,"Botanisk Have, Copenhagen, Denmark"
1327,Family,14-Jun-26,"Dyrehaven, Denmark"
1362,In the Fields,14-Jun-26,"Dyrehaven, Denmark"
1364,Hunted,14-Jun-26,"Eremitageslottet, Dyrehaven, Denamrk"
1382,Deer,14-Jun-26,"Dyrehaven, Denmark"
1403,Ducki,14-Jun-26,"Dyrehaven, Denmark"
2769,Slowdown,8-Jul-26,"Copenhagen, Denmark"
2787,Rad,9-Jul-26,"Kastellet, Copenhagen, Denmark"
2792,Wes,9-Jul-26,"Kastellet, Copenhagen, Denmark"
2815,Long Flag,9-Jul-26,"Copenhagen, Denmark"
2816,Messy Hair,9-Jul-26,"Copenhagen, Denmark"
2821,Big Water,9-Jul-26,"Amalienborg, Copenhagen, Denmark"
2827,Transport,9-Jul-26,"The Kissing Steps, Copenhagen, Denmark"
2841,Iconic Canal,9-Jul-26,"Nyhavn, Copenhagen, Denmark"
2843,Round Towers,9-Jul-26,"Copenhagen, Denmark"
2845,True Love,9-Jul-26,"Copenhagen, Denmark"
2859,Architectural Sunset,9-Jul-26,"Copenhagen, Denmark"
3850,Backflip,14-Jul-26,"Plage d'Albigny, Annecy, France"
4407,Nightlife,17-Jul-26,"Annecy, France"
4526,Portal,19-Jul-26,"Col de La Forclaz, Annecy, France"
4554,Flyhigh,19-Jul-26,"Col de La Forclaz, Annecy, France"
4552,Hazy,19-Jul-26,"Col de La Forclaz, Annecy, France"
4596,Eurosummer,19-Jul-26,"Plage d'Albigny, Annecy, France"
4762,Win,19-Jul-26,"Pre Saint Jean, Annecy, France"
4908,Neutrino,20-Jul-26,"Neutrino Platform, CERN, Geneva, Switzerland"
4986,Perfect Composition,22-Jul-26,"Annecy, France"
4985,One Asian,22-Jul-26,"LAPP, Annecy, France"
5333,Thirdwheel,28-Nov-25,Singapore
5407,Vine,8-Dec-25,"Jhansi, India"
7903,Warmth,22-Jan-26,"Jhansi, India"
